"('С', 1.0)","('У', 0.964)","('Е', 0.917)","('Ү', 0.898)","('Т', 0.884)","('Ұ', 0.858)","('Г', 0.818)","('І', 0.808)","('Ғ', 0.784)","('Р', 0.782)","('Ё', 0.772)","('Қ', 0.753)","('Щ', 0.697)","('О', 0.679)","('Н', 0.677)","('Ц', 0.672)","('Ң', 0.67)","('Б', 0.655)","('К', 0.649)","('Һ', 0.642)","('Х', 0.64)","('П', 0.628)","('Ч', 0.628)","('Ъ', 0.623)","('Ө', 0.619)","('Я', 0.612)","('Л', 0.587)","('З', 0.583)","('Ю', 0.579)","('Д', 0.574)","('Ы', 0.562)","('М', 0.56)","('Ф', 0.558)","('Й', 0.552)","('Ж', 0.542)","('А', 0.536)","('В', 0.535)","('Ә', 0.52)","('Ь', 0.52)","('И', 0.519)","('Ш', 0.5)","('Э', 0.482)"
"('А', 1.0)","('Ұ', 0.998)","('Т', 0.992)","('О', 0.991)","('Д', 0.99)","('Ч', 0.989)","('Н', 0.985)","('Ү', 0.973)","('Ң', 0.95)","('Ц', 0.947)","('Щ', 0.923)","('С', 0.921)","('Р', 0.908)","('Е', 0.904)","('Х', 0.897)","('Ө', 0.885)","('П', 0.883)","('Л', 0.868)","('Я', 0.864)","('Қ', 0.861)","('Ё', 0.859)","('Ә', 0.829)","('У', 0.813)","('Ъ', 0.81)","('Б', 0.805)","('Э', 0.804)","('Ф', 0.798)","('Й', 0.796)","('К', 0.796)","('І', 0.795)","('Һ', 0.789)","('Ж', 0.786)","('М', 0.782)","('Ы', 0.766)","('Г', 0.755)","('Ғ', 0.749)","('В', 0.731)","('Ш', 0.728)","('Ю', 0.727)","('И', 0.723)","('З', 0.69)","('Ь', 0.655)"
"('Ғ', 1.0)","('Т', 0.948)","('Г', 0.924)","('С', 0.868)","('Ү', 0.845)","('Р', 0.819)","('У', 0.819)","('Е', 0.811)","('І', 0.811)","('Ё', 0.748)","('Ұ', 0.748)","('Қ', 0.707)","('Щ', 0.679)","('Ң', 0.675)","('Н', 0.665)","('О', 0.663)","('Ц', 0.653)","('Б', 0.645)","('К', 0.645)","('П', 0.635)","('Я', 0.63)","('Һ', 0.629)","('Ө', 0.625)","('Ч', 0.624)","('Х', 0.623)","('Ю', 0.614)","('Ъ', 0.608)","('Л', 0.59)","('Д', 0.587)","('З', 0.586)","('М', 0.583)","('Ы', 0.583)","('Й', 0.576)","('Ф', 0.576)","('В', 0.565)","('Ж', 0.56)","('И', 0.56)","('Ь', 0.546)","('А', 0.544)","('Ә', 0.543)","('Ш', 0.527)","('Э', 0.511)"
"('А', 1.0)","('Д', 0.998)","('О', 0.985)","('Ч', 0.984)","('Н', 0.962)","('Ц', 0.956)","('Ү', 0.949)","('Ң', 0.943)","('Ұ', 0.94)","('Т', 0.916)","('Щ', 0.895)","('Х', 0.865)","('Ө', 0.863)","('П', 0.862)","('Р', 0.861)","('Я', 0.852)","('С', 0.837)","('Л', 0.832)","('Е', 0.83)","('Ә', 0.817)","('Қ', 0.816)","('Э', 0.811)","('Ё', 0.799)","('Ф', 0.775)","('Й', 0.773)","('Ъ', 0.764)","('Б', 0.762)","('Ж', 0.761)","('М', 0.759)","('У', 0.758)","('К', 0.755)","('І', 0.748)","('Һ', 0.741)","('Ы', 0.733)","('В', 0.709)","('Ш', 0.709)","('Г', 0.704)","('Ғ', 0.704)","('И', 0.704)","('Ю', 0.694)","('Ь', 0.62)","('З', 0.578)"
"('Н', 1.0)","('Ө', 0.971)","('Щ', 0.965)","('Ц', 0.963)","('О', 0.962)","('П', 0.956)","('Ч', 0.88)","('М', 0.868)","('Д', 0.841)","('Ң', 0.839)","('Р', 0.829)","('В', 0.827)","('И', 0.824)","('Ұ', 0.823)","('Й', 0.815)","('Ф', 0.815)","('Х', 0.805)","('Л', 0.793)","('Ү', 0.772)","('Қ', 0.768)","('І', 0.763)","('Я', 0.761)","('К', 0.754)","('Ю', 0.752)","('Ә', 0.751)","('Ж', 0.745)","('Т', 0.742)","('Б', 0.737)","('Ы', 0.727)","('Э', 0.727)","('Ш', 0.723)","('Ё', 0.711)","('У', 0.698)","('Ғ', 0.694)","('Е', 0.693)","('З', 0.693)","('А', 0.689)","('Һ', 0.663)","('Ъ', 0.663)","('С', 0.66)","('Г', 0.647)","('Ь', 0.576)"
"('Д', 1.0)","('Л', 0.94)","('А', 0.821)","('Ә', 0.702)","('Э', 0.674)","('З', 0.647)","('Ц', 0.647)","('О', 0.636)","('Н', 0.623)","('Ө', 0.605)","('П', 0.594)","('Я', 0.592)","('Ч', 0.58)","('Й', 0.568)","('Ң', 0.564)","('Ф', 0.555)","('Щ', 0.555)","('Ж', 0.541)","('М', 0.537)","('Х', 0.516)","('Ш', 0.515)","('И', 0.504)","('Ұ', 0.495)","('В', 0.491)","('Ы', 0.491)","('Р', 0.483)","('Ү', 0.472)","('К', 0.461)","('Б', 0.46)","('Ё', 0.457)","('Т', 0.454)","('Ю', 0.448)","('Е', 0.447)","('Қ', 0.446)","('Ъ', 0.439)","('С', 0.432)","('Һ', 0.432)","('І', 0.431)","('У', 0.407)","('Ғ', 0.396)","('Г', 0.386)","('Ь', 0.374)"
"('Е', 1.0)","('Ү', 0.987)","('Ё', 0.976)","('Т', 0.974)","('Р', 0.959)","('Ұ', 0.95)","('С', 0.949)","('Г', 0.934)","('Қ', 0.92)","('Щ', 0.907)","('К', 0.9)","('Б', 0.889)","('Н', 0.854)","('Ю', 0.851)","('Ғ', 0.846)","('О', 0.845)","('Ң', 0.841)","('П', 0.838)","('У', 0.837)","('Һ', 0.836)","('Я', 0.821)","('Ө', 0.82)","('Ц', 0.818)","('Х', 0.805)","('Ъ', 0.785)","('І', 0.777)","('М', 0.772)","('Ы', 0.77)","('Ч', 0.758)","('В', 0.754)","('Ф', 0.753)","('Й', 0.745)","('И', 0.726)","('Ж', 0.725)","('Д', 0.717)","('Ь', 0.717)","('Л', 0.707)","('Ш', 0.676)","('Ә', 0.674)","('З', 0.669)","('А', 0.655)","('Э', 0.616)"
"('Г', 1.0)","('У', 0.915)","('Ғ', 0.841)","('Т', 0.774)","('С', 0.757)","('Е', 0.686)","('Ү', 0.675)","('Р', 0.669)","('І', 0.66)","('Ё', 0.624)","('Ұ', 0.592)","('Қ', 0.55)","('Щ', 0.538)","('Н', 0.531)","('О', 0.53)","('Ң', 0.527)","('Ц', 0.519)","('Б', 0.517)","('К', 0.517)","('П', 0.505)","('Һ', 0.505)","('Ө', 0.499)","('Я', 0.498)","('Ю', 0.493)","('Х', 0.492)","('Ч', 0.489)","('Ъ', 0.484)","('Л', 0.473)","('Д', 0.47)","('Ы', 0.469)","('З', 0.468)","('М', 0.464)","('Й', 0.462)","('Ф', 0.46)","('В', 0.449)","('Ж', 0.449)","('И', 0.446)","('А', 0.436)","('Ә', 0.436)","('Ь', 0.436)","('Ш', 0.42)","('Э', 0.405)"
"('Е', 1.0)","('С', 0.982)","('Ғ', 0.974)","('І', 0.96)","('Р', 0.958)","('Ұ', 0.952)","('Г', 0.931)","('Ё', 0.911)","('Щ', 0.91)","('Қ', 0.893)","('Ң', 0.874)","('Н', 0.869)","('О', 0.863)","('Ц', 0.844)","('У', 0.829)","('П', 0.803)","('Ү', 0.794)","('Т', 0.792)","('Я', 0.79)","('К', 0.787)","('Б', 0.785)","('Ө', 0.782)","('Х', 0.77)","('Ч', 0.766)","('Һ', 0.736)","('Ю', 0.716)","('Ъ', 0.712)","('Л', 0.704)","('Д', 0.701)","('М', 0.696)","('Ф', 0.684)","('Ы', 0.681)","('Й', 0.68)","('З', 0.675)","('В', 0.662)","('Ж', 0.656)","('И', 0.644)","('А', 0.629)","('Ә', 0.629)","('Ш', 0.604)","('Ь', 0.599)","('Э', 0.58)"
"('Н', 1.0)","('Ө', 0.971)","('Щ', 0.965)","('Ц', 0.963)","('О', 0.962)","('П', 0.956)","('Ч', 0.88)","('М', 0.868)","('Д', 0.841)","('Ң', 0.839)","('Р', 0.829)","('В', 0.827)","('И', 0.824)","('Ұ', 0.823)","('Й', 0.815)","('Ф', 0.815)","('Х', 0.805)","('Л', 0.793)","('Ү', 0.772)","('Қ', 0.768)","('І', 0.763)","('Я', 0.761)","('К', 0.754)","('Ю', 0.752)","('Ә', 0.751)","('Ж', 0.745)","('Т', 0.742)","('Б', 0.737)","('Ы', 0.727)","('Э', 0.727)","('Ш', 0.723)","('Ё', 0.711)","('У', 0.698)","('Ғ', 0.694)","('Е', 0.693)","('З', 0.693)","('А', 0.689)","('Һ', 0.663)","('Ъ', 0.663)","('С', 0.66)","('Г', 0.647)","('Ь', 0.576)"
"('С', 1.0)","('Ү', 0.943)","('Т', 0.929)","('У', 0.903)","('Е', 0.879)","('Ұ', 0.848)","('Г', 0.778)","('Қ', 0.761)","('Р', 0.754)","('Ё', 0.749)","('І', 0.744)","('Ғ', 0.733)","('Щ', 0.689)","('Ц', 0.686)","('О', 0.683)","('Н', 0.679)","('Ң', 0.676)","('Х', 0.657)","('Ч', 0.657)","('Һ', 0.656)","('Б', 0.655)","('Ъ', 0.648)","('К', 0.646)","('З', 0.636)","('П', 0.629)","('Ө', 0.623)","('Л', 0.619)","('Я', 0.614)","('Д', 0.596)","('Ю', 0.576)","('Ы', 0.57)","('А', 0.569)","('Ф', 0.567)","('М', 0.566)","('Й', 0.561)","('Ж', 0.555)","('В', 0.542)","('Ә', 0.538)","('Ь', 0.537)","('И', 0.526)","('Ш', 0.514)","('Э', 0.507)"
"('Е', 1.0)","('С', 0.982)","('Ғ', 0.974)","('І', 0.96)","('Р', 0.958)","('Ұ', 0.952)","('Г', 0.931)","('Ё', 0.911)","('Щ', 0.91)","('Қ', 0.893)","('Ң', 0.874)","('Н', 0.869)","('О', 0.863)","('Ц', 0.844)","('У', 0.829)","('П', 0.803)","('Ү', 0.794)","('Т', 0.792)","('Я', 0.79)","('К', 0.787)","('Б', 0.785)","('Ө', 0.782)","('Х', 0.77)","('Ч', 0.766)","('Һ', 0.736)","('Ю', 0.716)","('Ъ', 0.712)","('Л', 0.704)","('Д', 0.701)","('М', 0.696)","('Ф', 0.684)","('Ы', 0.681)","('Й', 0.68)","('З', 0.675)","('В', 0.662)","('Ж', 0.656)","('И', 0.644)","('А', 0.629)","('Ә', 0.629)","('Ш', 0.604)","('Ь', 0.599)","('Э', 0.58)"
"('З', 1.0)","('Л', 0.851)","('Д', 0.751)","('Ч', 0.738)","('Ц', 0.716)","('Ң', 0.715)","('Э', 0.702)","('А', 0.683)","('О', 0.672)","('Н', 0.666)","('Я', 0.647)","('П', 0.621)","('Щ', 0.621)","('Ө', 0.615)","('Ә', 0.613)","('Р', 0.601)","('Ұ', 0.601)","('Ү', 0.596)","('Т', 0.593)","('Х', 0.582)","('Й', 0.563)","('Ф', 0.556)","('М', 0.553)","('Қ', 0.546)","('Ж', 0.539)","('И', 0.533)","('Е', 0.53)","('С', 0.529)","('Ё', 0.524)","('Ш', 0.522)","('В', 0.521)","('У', 0.514)","('К', 0.512)","('Ы', 0.512)","('Б', 0.511)","('І', 0.508)","('Ъ', 0.503)","('Ғ', 0.491)","('Ю', 0.491)","('Һ', 0.489)","('Г', 0.483)","('Ь', 0.426)"
"('И', 1.0)","('І', 1.0)","('К', 0.995)","('М', 0.994)","('Я', 0.971)","('П', 0.968)","('Б', 0.966)","('Щ', 0.959)","('Ы', 0.956)","('Ф', 0.954)","('Ө', 0.953)","('В', 0.941)","('Й', 0.94)","('Ж', 0.915)","('Ю', 0.914)","('Н', 0.912)","('Ш', 0.912)","('Ғ', 0.903)","('О', 0.898)","('Ң', 0.897)","('Қ', 0.893)","('Һ', 0.892)","('Ё', 0.89)","('Х', 0.89)","('Ь', 0.889)","('Ұ', 0.877)","('Р', 0.872)","('Ц', 0.872)","('У', 0.859)","('Ъ', 0.855)","('Е', 0.851)","('Г', 0.841)","('Ү', 0.841)","('Ә', 0.831)","('Ч', 0.828)","('Д', 0.825)","('Т', 0.816)","('С', 0.803)","('Л', 0.788)","('Э', 0.765)","('А', 0.758)","('З', 0.722)"
"('М', 1.0)","('Т', 0.994)","('Х', 0.984)","('Ү', 0.973)","('Й', 0.97)","('Ф', 0.961)","('Л', 0.958)","('І', 0.946)","('Қ', 0.944)","('И', 0.935)","('В', 0.927)","('Ұ', 0.926)","('Д', 0.917)","('Ә', 0.913)","('К', 0.908)","('Ё', 0.905)","('З', 0.903)","('Б', 0.892)","('Е', 0.892)","('У', 0.891)","('Ж', 0.886)","('Ч', 0.886)","('Р', 0.884)","('Ю', 0.882)","('Ы', 0.868)","('Ғ', 0.866)","('Э', 0.865)","('А', 0.863)","('С', 0.852)","('Ш', 0.836)","('Ө', 0.831)","('Г', 0.813)","('Һ', 0.805)","('Ъ', 0.804)","('П', 0.772)","('О', 0.752)","('Ц', 0.75)","('Щ', 0.741)","('Н', 0.721)","('Ь', 0.681)","('Я', 0.652)","('Ң', 0.572)"
"('І', 1.0)","('Ү', 0.997)","('Ъ', 0.995)","('Ё', 0.986)","('Һ', 0.981)","('Т', 0.98)","('Қ', 0.974)","('Б', 0.96)","('Е', 0.959)","('Р', 0.953)","('Ұ', 0.953)","('К', 0.947)","('Ғ', 0.945)","('У', 0.94)","('Ь', 0.929)","('С', 0.928)","('З', 0.916)","('Ю', 0.914)","('Г', 0.908)","('Ы', 0.895)","('Х', 0.891)","('А', 0.855)","('Щ', 0.85)","('О', 0.845)","('Н', 0.838)","('Ц', 0.838)","('Ч', 0.838)","('Ж', 0.834)","('Л', 0.827)","('Ң', 0.814)","('Ө', 0.804)","('Ф', 0.802)","('П', 0.798)","('Й', 0.794)","('Д', 0.783)","('М', 0.782)","('В', 0.775)","('Ш', 0.767)","('Ә', 0.759)","('Я', 0.747)","('И', 0.739)","('Э', 0.633)"
"('М', 1.0)","('Қ', 0.999)","('Т', 0.969)","('Ф', 0.966)","('Й', 0.965)","('Х', 0.965)","('З', 0.96)","('І', 0.951)","('В', 0.931)","('Ү', 0.926)","('И', 0.925)","('К', 0.923)","('Ә', 0.922)","('Л', 0.918)","('Ё', 0.912)","('Б', 0.911)","('Е', 0.909)","('У', 0.908)","('Д', 0.902)","('Э', 0.899)","('А', 0.895)","('Ж', 0.895)","('Р', 0.892)","('Ю', 0.88)","('Ұ', 0.876)","('Ғ', 0.873)","('С', 0.873)","('Ы', 0.872)","('Ш', 0.848)","('Ө', 0.837)","('Ъ', 0.837)","('Һ', 0.829)","('Г', 0.825)","('Ч', 0.799)","('П', 0.782)","('О', 0.745)","('Щ', 0.726)","('Н', 0.72)","('Ц', 0.706)","('Ь', 0.699)","('Я', 0.668)","('Ң', 0.446)"
"('А', 1.0)","('Д', 0.998)","('О', 0.985)","('Ч', 0.984)","('Н', 0.962)","('Ц', 0.956)","('Ү', 0.949)","('Ң', 0.943)","('Ұ', 0.94)","('Т', 0.916)","('Щ', 0.895)","('Х', 0.865)","('Ө', 0.863)","('П', 0.862)","('Р', 0.861)","('Я', 0.852)","('С', 0.837)","('Л', 0.832)","('Е', 0.83)","('Ә', 0.817)","('Қ', 0.816)","('Э', 0.811)","('Ё', 0.799)","('Ф', 0.775)","('Й', 0.773)","('Ъ', 0.764)","('Б', 0.762)","('Ж', 0.761)","('М', 0.759)","('У', 0.758)","('К', 0.755)","('І', 0.748)","('Һ', 0.741)","('Ы', 0.733)","('В', 0.709)","('Ш', 0.709)","('Г', 0.704)","('Ғ', 0.704)","('И', 0.704)","('Ю', 0.694)","('Ь', 0.62)","('З', 0.578)"
"('Р', 1.0)","('У', 0.972)","('Г', 0.971)","('І', 0.94)","('Ғ', 0.936)","('Я', 0.901)","('Ң', 0.896)","('Т', 0.896)","('Щ', 0.879)","('П', 0.873)","('Н', 0.868)","('Ю', 0.866)","('И', 0.864)","('Ё', 0.857)","('О', 0.857)","('Ү', 0.856)","('Ө', 0.854)","('Е', 0.842)","('Ұ', 0.839)","('Ц', 0.835)","('М', 0.831)","('С', 0.831)","('В', 0.824)","('Й', 0.82)","('К', 0.815)","('Қ', 0.81)","('Ф', 0.802)","('Б', 0.8)","('Д', 0.798)","('Ч', 0.795)","('Ы', 0.794)","('Х', 0.779)","('Ж', 0.77)","('Л', 0.77)","('Ә', 0.765)","('Һ', 0.752)","('Ш', 0.751)","('З', 0.729)","('Ъ', 0.729)","('Э', 0.726)","('А', 0.709)","('Ь', 0.696)"
"('Ф', 1.0)","('Ь', 1.0)","('М', 0.999)","('Р', 0.992)","('Ы', 0.991)","('Ю', 0.985)","('Ж', 0.971)","('Я', 0.971)","('У', 0.963)","('В', 0.959)","('Ғ', 0.956)","('Ч', 0.95)","('Й', 0.942)","('Л', 0.94)","('Ң', 0.94)","('Г', 0.936)","('Д', 0.925)","('Т', 0.921)","('Ө', 0.915)","('П', 0.906)","('С', 0.9)","('А', 0.896)","('З', 0.882)","('Ш', 0.878)","('Ц', 0.877)","('Н', 0.873)","('О', 0.873)","('Ә', 0.859)","('И', 0.857)","('Ё', 0.847)","('Е', 0.801)","('Щ', 0.782)","('І', 0.782)","('Э', 0.78)","('Ү', 0.746)","('Х', 0.741)","('К', 0.712)","('Ъ', 0.688)","('Б', 0.674)","('Һ', 0.67)","('Ұ', 0.624)","('Қ', 0.588)"
"('І', 1.0)","('Б', 0.993)","('Ы', 0.993)","('Ш', 0.992)","('Ю', 0.991)","('Э', 0.985)","('А', 0.984)","('Қ', 0.98)","('Т', 0.976)","('К', 0.971)","('Ү', 0.969)","('З', 0.962)","('Ё', 0.959)","('Ж', 0.948)","('Е', 0.93)","('Ә', 0.927)","('Р', 0.919)","('Ъ', 0.901)","('У', 0.899)","('Һ', 0.898)","('И', 0.892)","('Ұ', 0.889)","('Ғ', 0.886)","('Х', 0.883)","('В', 0.878)","('С', 0.878)","('Л', 0.861)","('Й', 0.859)","('Ф', 0.855)","('Г', 0.833)","('М', 0.806)","('Ч', 0.802)","('Д', 0.796)","('Ь', 0.768)","('О', 0.678)","('Ц', 0.678)","('Ө', 0.67)","('Щ', 0.648)","('Н', 0.645)","('П', 0.606)","('Ң', 0.589)","('Я', 0.388)"
"('Л', 1.0)","('Ц', 0.946)","('Т', 0.945)","('Ү', 0.92)","('Ң', 0.916)","('Ч', 0.913)","('О', 0.903)","('Н', 0.888)","('Д', 0.887)","('Р', 0.882)","('Ұ', 0.869)","('Щ', 0.827)","('З', 0.821)","('А', 0.813)","('С', 0.802)","('Я', 0.799)","('П', 0.793)","('Ө', 0.786)","('Е', 0.78)","('Х', 0.761)","('У', 0.752)","('Қ', 0.749)","('Ё', 0.747)","('Ә', 0.728)","('Э', 0.725)","('І', 0.709)","('Й', 0.703)","('Ф', 0.696)","('Г', 0.694)","('Ғ', 0.694)","('М', 0.69)","('Б', 0.687)","('К', 0.684)","('Ж', 0.677)","('Ъ', 0.673)","('Һ', 0.662)","('Ы', 0.662)","('И', 0.654)","('В', 0.647)","('Ю', 0.641)","('Ш', 0.635)","('Ь', 0.558)"
"('А', 1.0)","('Ұ', 0.998)","('Т', 0.992)","('О', 0.991)","('Д', 0.99)","('Ч', 0.989)","('Н', 0.985)","('Ү', 0.973)","('Ң', 0.95)","('Ц', 0.947)","('Щ', 0.923)","('С', 0.921)","('Р', 0.908)","('Е', 0.904)","('Х', 0.897)","('Ө', 0.885)","('П', 0.883)","('Л', 0.868)","('Я', 0.864)","('Қ', 0.861)","('Ё', 0.859)","('Ә', 0.829)","('У', 0.813)","('Ъ', 0.81)","('Б', 0.805)","('Э', 0.804)","('Ф', 0.798)","('Й', 0.796)","('К', 0.796)","('І', 0.795)","('Һ', 0.789)","('Ж', 0.786)","('М', 0.782)","('Ы', 0.766)","('Г', 0.755)","('Ғ', 0.749)","('В', 0.731)","('Ш', 0.728)","('Ю', 0.727)","('И', 0.723)","('З', 0.69)","('Ь', 0.655)"
"('Р', 1.0)","('Ғ', 0.988)","('У', 0.927)","('Г', 0.898)","('Т', 0.867)","('І', 0.805)","('Ң', 0.8)","('Ү', 0.786)","('Я', 0.767)","('Н', 0.762)","('Щ', 0.761)","('С', 0.755)","('О', 0.753)","('Е', 0.748)","('Ё', 0.747)","('Ұ', 0.743)","('П', 0.742)","('Ц', 0.735)","('Ө', 0.724)","('Қ', 0.693)","('Ч', 0.693)","('Ю', 0.693)","('Д', 0.691)","('И', 0.689)","('М', 0.678)","('Й', 0.676)","('К', 0.674)","('Л', 0.674)","('Б', 0.664)","('Ф', 0.659)","('В', 0.658)","('Х', 0.658)","('Ы', 0.649)","('З', 0.646)","('Ә', 0.639)","('Ж', 0.632)","('Һ', 0.624)","('Ъ', 0.608)","('Э', 0.607)","('Ш', 0.606)","('А', 0.605)","('Ь', 0.557)"
"('М', 1.0)","('Қ', 0.999)","('Т', 0.969)","('Ф', 0.966)","('Й', 0.965)","('Х', 0.965)","('З', 0.96)","('І', 0.951)","('В', 0.931)","('Ү', 0.926)","('И', 0.925)","('К', 0.923)","('Ә', 0.922)","('Л', 0.918)","('Ё', 0.912)","('Б', 0.911)","('Е', 0.909)","('У', 0.908)","('Д', 0.902)","('Э', 0.899)","('А', 0.895)","('Ж', 0.895)","('Р', 0.892)","('Ю', 0.88)","('Ұ', 0.876)","('Ғ', 0.873)","('С', 0.873)","('Ы', 0.872)","('Ш', 0.848)","('Ө', 0.837)","('Ъ', 0.837)","('Һ', 0.829)","('Г', 0.825)","('Ч', 0.799)","('П', 0.782)","('О', 0.745)","('Щ', 0.726)","('Н', 0.72)","('Ц', 0.706)","('Ь', 0.699)","('Я', 0.668)","('Ң', 0.446)"
"('А', 1.0)","('О', 0.997)","('Ч', 0.992)","('Ұ', 0.988)","('Т', 0.987)","('Д', 0.985)","('Ү', 0.983)","('Н', 0.975)","('Ц', 0.958)","('Ң', 0.946)","('Щ', 0.916)","('С', 0.915)","('Р', 0.903)","('Е', 0.897)","('Х', 0.893)","('Ө', 0.879)","('П', 0.878)","('Л', 0.875)","('Я', 0.861)","('Қ', 0.858)","('Ё', 0.854)","('Ә', 0.829)","('У', 0.812)","('Ъ', 0.809)","('Э', 0.809)","('Б', 0.802)","('Ф', 0.796)","('Й', 0.794)","('К', 0.793)","('І', 0.792)","('Һ', 0.787)","('Ж', 0.785)","('М', 0.78)","('Ы', 0.764)","('Г', 0.755)","('Ғ', 0.748)","('В', 0.73)","('Ш', 0.729)","('Ю', 0.725)","('И', 0.723)","('З', 0.677)","('Ь', 0.656)"
"('Н', 1.0)","('О', 0.98)","('Ч', 0.971)","('Щ', 0.957)","('П', 0.943)","('Ц', 0.942)","('Д', 0.926)","('Л', 0.922)","('Я', 0.902)","('Ө', 0.898)","('Ұ', 0.828)","('Р', 0.825)","('З', 0.819)","('Э', 0.793)","('Ү', 0.791)","('Х', 0.791)","('М', 0.774)","('Т', 0.768)","('Ә', 0.757)","('Й', 0.757)","('Ф', 0.753)","('Қ', 0.746)","('А', 0.742)","('И', 0.734)","('В', 0.725)","('Ж', 0.703)","('І', 0.696)","('К', 0.692)","('Б', 0.685)","('Ң', 0.684)","('Ё', 0.682)","('Е', 0.679)","('Ш', 0.679)","('У', 0.677)","('Ы', 0.673)","('Ю', 0.668)","('С', 0.66)","('Ғ', 0.654)","('Ъ', 0.644)","('Һ', 0.632)","('Г', 0.625)","('Ь', 0.543)"
"('Д', 1.0)","('О', 0.93)","('Ц', 0.922)","('З', 0.914)","('Н', 0.893)","('А', 0.87)","('Л', 0.839)","('Ө', 0.784)","('П', 0.774)","('Щ', 0.772)","('Ч', 0.763)","('Ң', 0.76)","('Ә', 0.744)","('Я', 0.742)","('Ұ', 0.74)","('Ү', 0.729)","('Р', 0.727)","('Т', 0.704)","('Й', 0.696)","('Х', 0.694)","('Е', 0.684)","('Ф', 0.684)","('Ё', 0.683)","('Ж', 0.668)","('С', 0.667)","('М', 0.663)","('Э', 0.657)","('Ы', 0.64)","('Б', 0.635)","('К', 0.634)","('Қ', 0.625)","('І', 0.62)","('И', 0.61)","('Ш', 0.605)","('В', 0.604)","('Ъ', 0.602)","('Һ', 0.601)","('У', 0.6)","('Ю', 0.594)","('Ғ', 0.568)","('Г', 0.56)","('Ь', 0.497)"
"('А', 1.0)","('Ұ', 0.998)","('Т', 0.992)","('О', 0.991)","('Д', 0.99)","('Ч', 0.989)","('Н', 0.985)","('Ү', 0.973)","('Ң', 0.95)","('Ц', 0.947)","('Щ', 0.923)","('С', 0.921)","('Р', 0.908)","('Е', 0.904)","('Х', 0.897)","('Ө', 0.885)","('П', 0.883)","('Л', 0.868)","('Я', 0.864)","('Қ', 0.861)","('Ё', 0.859)","('Ә', 0.829)","('У', 0.813)","('Ъ', 0.81)","('Б', 0.805)","('Э', 0.804)","('Ф', 0.798)","('Й', 0.796)","('К', 0.796)","('І', 0.795)","('Һ', 0.789)","('Ж', 0.786)","('М', 0.782)","('Ы', 0.766)","('Г', 0.755)","('Ғ', 0.749)","('В', 0.731)","('Ш', 0.728)","('Ю', 0.727)","('И', 0.723)","('З', 0.69)","('Ь', 0.655)"
"('Р', 1.0)","('Ғ', 0.988)","('У', 0.927)","('Г', 0.898)","('Т', 0.867)","('І', 0.805)","('Ң', 0.8)","('Ү', 0.786)","('Я', 0.767)","('Н', 0.762)","('Щ', 0.761)","('С', 0.755)","('О', 0.753)","('Е', 0.748)","('Ё', 0.747)","('Ұ', 0.743)","('П', 0.742)","('Ц', 0.735)","('Ө', 0.724)","('Қ', 0.693)","('Ч', 0.693)","('Ю', 0.693)","('Д', 0.691)","('И', 0.689)","('М', 0.678)","('Й', 0.676)","('К', 0.674)","('Л', 0.674)","('Б', 0.664)","('Ф', 0.659)","('В', 0.658)","('Х', 0.658)","('Ы', 0.649)","('З', 0.646)","('Ә', 0.639)","('Ж', 0.632)","('Һ', 0.624)","('Ъ', 0.608)","('Э', 0.607)","('Ш', 0.606)","('А', 0.605)","('Ь', 0.557)"
"('Ь', 1.0)","('Ъ', 0.968)","('Қ', 0.96)","('Ұ', 0.953)","('Х', 0.935)","('І', 0.932)","('Ю', 0.929)","('Щ', 0.925)","('Ё', 0.919)","('Е', 0.914)","('Ү', 0.888)","('Һ', 0.877)","('К', 0.876)","('Б', 0.87)","('Ы', 0.863)","('П', 0.861)","('Ө', 0.854)","('Н', 0.848)","('В', 0.843)","('М', 0.843)","('У', 0.842)","('О', 0.841)","('С', 0.835)","('Ф', 0.829)","('Ғ', 0.824)","('Ц', 0.824)","('Я', 0.82)","('Ж', 0.809)","('Ң', 0.806)","('Т', 0.805)","('Г', 0.794)","('Й', 0.786)","('Р', 0.784)","('Ч', 0.778)","('Ш', 0.753)","('И', 0.745)","('Д', 0.723)","('Л', 0.715)","('Ә', 0.703)","('А', 0.695)","('З', 0.669)","('Э', 0.638)"
"('К', 1.0)","('І', 1.0)","('Қ', 0.995)","('Ә', 0.989)","('Ж', 0.983)","('Т', 0.982)","('Б', 0.979)","('И', 0.974)","('Ю', 0.967)","('Ү', 0.959)","('В', 0.956)","('Ы', 0.956)","('Ё', 0.951)","('Й', 0.927)","('Е', 0.926)","('Ф', 0.923)","('Ш', 0.923)","('Х', 0.921)","('А', 0.919)","('З', 0.917)","('Л', 0.916)","('Э', 0.916)","('Р', 0.907)","('У', 0.898)","('Ұ', 0.882)","('Ғ', 0.879)","('М', 0.877)","('С', 0.871)","('Һ', 0.87)","('Ъ', 0.868)","('Д', 0.86)","('Ч', 0.844)","('Г', 0.824)","('Ь', 0.733)","('Ө', 0.71)","('Ц', 0.688)","('О', 0.676)","('П', 0.639)","('Н', 0.637)","('Щ', 0.63)","('Ң', 0.581)","('Я', 0.491)"
"('М', 1.0)","('Т', 0.994)","('Х', 0.984)","('Ү', 0.973)","('Й', 0.97)","('Ф', 0.961)","('Л', 0.958)","('І', 0.946)","('Қ', 0.944)","('И', 0.935)","('В', 0.927)","('Ұ', 0.926)","('Д', 0.917)","('Ә', 0.913)","('К', 0.908)","('Ё', 0.905)","('З', 0.903)","('Б', 0.892)","('Е', 0.892)","('У', 0.891)","('Ж', 0.886)","('Ч', 0.886)","('Р', 0.884)","('Ю', 0.882)","('Ы', 0.868)","('Ғ', 0.866)","('Э', 0.865)","('А', 0.863)","('С', 0.852)","('Ш', 0.836)","('Ө', 0.831)","('Г', 0.813)","('Һ', 0.805)","('Ъ', 0.804)","('П', 0.772)","('О', 0.752)","('Ц', 0.75)","('Щ', 0.741)","('Н', 0.721)","('Ь', 0.681)","('Я', 0.652)","('Ң', 0.572)"
"('Д', 1.0)","('О', 0.93)","('Ц', 0.922)","('З', 0.914)","('Н', 0.893)","('А', 0.87)","('Л', 0.839)","('Ө', 0.784)","('П', 0.774)","('Щ', 0.772)","('Ч', 0.763)","('Ң', 0.76)","('Ә', 0.744)","('Я', 0.742)","('Ұ', 0.74)","('Ү', 0.729)","('Р', 0.727)","('Т', 0.704)","('Й', 0.696)","('Х', 0.694)","('Е', 0.684)","('Ф', 0.684)","('Ё', 0.683)","('Ж', 0.668)","('С', 0.667)","('М', 0.663)","('Э', 0.657)","('Ы', 0.64)","('Б', 0.635)","('К', 0.634)","('Қ', 0.625)","('І', 0.62)","('И', 0.61)","('Ш', 0.605)","('В', 0.604)","('Ъ', 0.602)","('Һ', 0.601)","('У', 0.6)","('Ю', 0.594)","('Ғ', 0.568)","('Г', 0.56)","('Ь', 0.497)"
"('А', 1.0)","('Ұ', 0.998)","('Т', 0.992)","('О', 0.991)","('Д', 0.99)","('Ч', 0.989)","('Н', 0.985)","('Ү', 0.973)","('Ң', 0.95)","('Ц', 0.947)","('Щ', 0.923)","('С', 0.921)","('Р', 0.908)","('Е', 0.904)","('Х', 0.897)","('Ө', 0.885)","('П', 0.883)","('Л', 0.868)","('Я', 0.864)","('Қ', 0.861)","('Ё', 0.859)","('Ә', 0.829)","('У', 0.813)","('Ъ', 0.81)","('Б', 0.805)","('Э', 0.804)","('Ф', 0.798)","('Й', 0.796)","('К', 0.796)","('І', 0.795)","('Һ', 0.789)","('Ж', 0.786)","('М', 0.782)","('Ы', 0.766)","('Г', 0.755)","('Ғ', 0.749)","('В', 0.731)","('Ш', 0.728)","('Ю', 0.727)","('И', 0.723)","('З', 0.69)","('Ь', 0.655)"
"('Н', 1.0)","('О', 0.988)","('Ү', 0.984)","('Щ', 0.978)","('Ұ', 0.966)","('Ц', 0.957)","('Т', 0.955)","('Р', 0.954)","('Ч', 0.934)","('Я', 0.915)","('П', 0.868)","('Ө', 0.831)","('Л', 0.823)","('Д', 0.802)","('Қ', 0.794)","('З', 0.775)","('Х', 0.775)","('Ң', 0.774)","('У', 0.766)","('Е', 0.753)","('І', 0.751)","('С', 0.739)","('Ё', 0.732)","('Ғ', 0.706)","('М', 0.7)","('К', 0.695)","('Б', 0.691)","('Й', 0.688)","('Ф', 0.688)","('Г', 0.677)","('А', 0.674)","('Ә', 0.663)","('В', 0.654)","('Ж', 0.649)","('И', 0.649)","('Ю', 0.646)","('Ъ', 0.645)","('Ы', 0.643)","('Э', 0.641)","('Һ', 0.64)","('Ш', 0.606)","('Ь', 0.53)"
"('Д', 1.0)","('А', 0.815)","('Л', 0.746)","('З', 0.744)","('Ц', 0.717)","('Э', 0.688)","('О', 0.686)","('Ә', 0.68)","('Н', 0.673)","('Ч', 0.648)","('Ө', 0.634)","('Я', 0.632)","('П', 0.628)","('Ң', 0.623)","('Щ', 0.597)","('Й', 0.578)","('Ф', 0.569)","('М', 0.554)","('Х', 0.553)","('Ж', 0.552)","('Ұ', 0.538)","('Ш', 0.523)","('Р', 0.519)","('И', 0.517)","('Ү', 0.513)","('В', 0.507)","('Ы', 0.505)","('Т', 0.494)","('К', 0.485)","('Б', 0.484)","('Ё', 0.483)","('Қ', 0.481)","('Е', 0.477)","('Ъ', 0.466)","('Ю', 0.466)","('С', 0.462)","('І', 0.458)","('Һ', 0.456)","('У', 0.437)","('Ғ', 0.422)","('Г', 0.412)","('Ь', 0.392)"
"('А', 1.0)","('О', 0.997)","('Ч', 0.992)","('Ұ', 0.988)","('Т', 0.987)","('Д', 0.985)","('Ү', 0.983)","('Н', 0.975)","('Ц', 0.958)","('Ң', 0.946)","('Щ', 0.916)","('С', 0.915)","('Р', 0.903)","('Е', 0.897)","('Х', 0.893)","('Ө', 0.879)","('П', 0.878)","('Л', 0.875)","('Я', 0.861)","('Қ', 0.858)","('Ё', 0.854)","('Ә', 0.829)","('У', 0.812)","('Ъ', 0.809)","('Э', 0.809)","('Б', 0.802)","('Ф', 0.796)","('Й', 0.794)","('К', 0.793)","('І', 0.792)","('Һ', 0.787)","('Ж', 0.785)","('М', 0.78)","('Ы', 0.764)","('Г', 0.755)","('Ғ', 0.748)","('В', 0.73)","('Ш', 0.729)","('Ю', 0.725)","('И', 0.723)","('З', 0.677)","('Ь', 0.656)"
"('А', 1.0)","('Б', 0.998)","('К', 0.994)","('Һ', 0.973)","('Я', 0.972)","('Х', 0.969)","('Ъ', 0.96)","('Ө', 0.948)","('Й', 0.943)","('П', 0.943)","('Қ', 0.939)","('Ф', 0.937)","('Ғ', 0.931)","('Ә', 0.929)","('Д', 0.928)","('М', 0.928)","('Ы', 0.928)","('Ч', 0.918)","('Ж', 0.917)","('Ю', 0.912)","('І', 0.909)","('Г', 0.905)","('Ң', 0.884)","('Щ', 0.879)","('Л', 0.876)","('В', 0.869)","('И', 0.867)","('Э', 0.856)","('З', 0.854)","('Ш', 0.839)","('Н', 0.836)","('Ц', 0.829)","('Ё', 0.825)","('О', 0.822)","('У', 0.811)","('Ь', 0.793)","('Ұ', 0.771)","('Р', 0.741)","('Е', 0.737)","('С', 0.666)","('Ү', 0.644)","('Т', 0.58)"
"('С', 1.0)","('Щ', 0.993)","('Ё', 0.986)","('Х', 0.982)","('Ъ', 0.972)","('Т', 0.958)","('К', 0.957)","('У', 0.924)","('Б', 0.923)","('Һ', 0.921)","('О', 0.912)","('Н', 0.911)","('І', 0.904)","('Ц', 0.901)","('Е', 0.888)","('П', 0.864)","('Ө', 0.856)","('Ң', 0.852)","('Р', 0.845)","('Ү', 0.833)","('Ғ', 0.829)","('Ч', 0.828)","('Г', 0.819)","('Я', 0.813)","('Ю', 0.807)","('Қ', 0.806)","('Ы', 0.792)","('М', 0.779)","('Ф', 0.778)","('Ұ', 0.771)","('Ь', 0.771)","('Ж', 0.757)","('Л', 0.752)","('В', 0.745)","('Й', 0.745)","('Д', 0.74)","('З', 0.715)","('А', 0.709)","('Ш', 0.685)","('Ә', 0.683)","('И', 0.683)","('Э', 0.62)"
"('Ь', 1.0)","('С', 0.999)","('У', 0.989)","('Ғ', 0.983)","('Г', 0.977)","('Е', 0.969)","('Т', 0.948)","('Һ', 0.947)","('Ё', 0.942)","('Ъ', 0.934)","('І', 0.929)","('Ү', 0.927)","('Қ', 0.905)","('Б', 0.892)","('Р', 0.886)","('Ұ', 0.886)","('К', 0.88)","('З', 0.852)","('Ю', 0.849)","('Ы', 0.832)","('Х', 0.828)","('А', 0.794)","('Щ', 0.789)","('О', 0.786)","('Н', 0.779)","('Ч', 0.779)","('Ц', 0.778)","('Ж', 0.775)","('Л', 0.769)","('Ң', 0.756)","('Ө', 0.747)","('Ф', 0.746)","('П', 0.741)","('Й', 0.738)","('Д', 0.728)","('М', 0.726)","('В', 0.72)","('Ш', 0.713)","('Ә', 0.706)","('Я', 0.695)","('И', 0.687)","('Э', 0.588)"
"('І', 1.0)","('Е', 0.994)","('К', 0.994)","('Ё', 0.993)","('Ж', 0.993)","('Б', 0.986)","('В', 0.983)","('У', 0.977)","('И', 0.976)","('С', 0.968)","('Ы', 0.964)","('Ш', 0.961)","('Ю', 0.947)","('Ғ', 0.935)","('Ф', 0.93)","('Ъ', 0.93)","('Қ', 0.928)","('Й', 0.926)","('Ә', 0.919)","('М', 0.913)","('А', 0.912)","('Һ', 0.912)","('Г', 0.897)","('Э', 0.892)","('Т', 0.881)","('Х', 0.87)","('Ү', 0.851)","('Р', 0.83)","('Ұ', 0.815)","('З', 0.801)","('Ь', 0.774)","('Ө', 0.771)","('П', 0.738)","('Д', 0.723)","('Щ', 0.716)","('Л', 0.706)","('О', 0.675)","('Н', 0.667)","('Я', 0.65)","('Ч', 0.648)","('Ц', 0.608)","('Ң', 0.468)"
"('П', 1.0)","('Я', 0.993)","('Х', 0.977)","('Ө', 0.975)","('Ч', 0.955)","('З', 0.953)","('Л', 0.948)","('Ё', 0.945)","('Б', 0.94)","('К', 0.94)","('Д', 0.925)","('О', 0.922)","('Н', 0.919)","('Ц', 0.912)","('Щ', 0.902)","('Һ', 0.9)","('Ъ', 0.894)","('І', 0.893)","('Қ', 0.892)","('М', 0.872)","('Ю', 0.868)","('Е', 0.865)","('Г', 0.864)","('Ф', 0.86)","('Ғ', 0.858)","('Й', 0.858)","('Ң', 0.85)","('Ы', 0.843)","('А', 0.837)","('В', 0.832)","('Ж', 0.828)","('С', 0.826)","('И', 0.82)","('Ә', 0.818)","('Э', 0.783)","('Ұ', 0.778)","('Ш', 0.774)","('Р', 0.754)","('Ь', 0.75)","('У', 0.705)","('Ү', 0.628)","('Т', 0.516)"
"('Т', 1.0)","('Ұ', 0.966)","('Ү', 0.942)","('Ң', 0.914)","('Қ', 0.896)","('Ч', 0.879)","('Ц', 0.831)","('Щ', 0.806)","('Р', 0.796)","('У', 0.796)","('Н', 0.783)","('О', 0.781)","('З', 0.766)","('С', 0.766)","('Х', 0.763)","('Е', 0.749)","('Я', 0.737)","('І', 0.724)","('П', 0.722)","('Л', 0.721)","('Ө', 0.705)","('Ғ', 0.703)","('Г', 0.7)","('Ё', 0.697)","('Д', 0.683)","('Ъ', 0.681)","('Б', 0.677)","('К', 0.672)","('Һ', 0.658)","('А', 0.638)","('М', 0.632)","('Ф', 0.626)","('Й', 0.616)","('В', 0.606)","('Ю', 0.606)","('Ж', 0.603)","('Э', 0.602)","('Ы', 0.601)","('Ә', 0.6)","('И', 0.586)","('Ш', 0.57)","('Ь', 0.55)"
"('Ү', 1.0)","('Г', 0.994)","('Ұ', 0.986)","('Қ', 0.98)","('Е', 0.965)","('Т', 0.959)","('Ғ', 0.957)","('Ё', 0.934)","('К', 0.93)","('С', 0.928)","('Б', 0.925)","('У', 0.923)","('Щ', 0.923)","('Р', 0.91)","('Һ', 0.892)","('І', 0.877)","('Ң', 0.871)","('Н', 0.861)","('Х', 0.86)","('Ю', 0.856)","('Ъ', 0.855)","('О', 0.853)","('П', 0.851)","('Ц', 0.841)","('Я', 0.84)","('Ө', 0.834)","('Ч', 0.805)","('М', 0.796)","('Ы', 0.788)","('В', 0.785)","('Ь', 0.781)","('Ф', 0.777)","('Й', 0.761)","('Ж', 0.75)","('И', 0.742)","('Д', 0.736)","('Л', 0.731)","('Ш', 0.708)","('З', 0.702)","('Ә', 0.695)","('А', 0.685)","('Э', 0.649)"
"('С', 1.0)","('Ү', 0.968)","('Ұ', 0.966)","('Т', 0.964)","('Е', 0.94)","('Л', 0.934)","('З', 0.924)","('Ц', 0.921)","('Ч', 0.921)","('Р', 0.9)","('О', 0.898)","('Қ', 0.89)","('У', 0.89)","('Н', 0.886)","('Ң', 0.884)","('А', 0.88)","('Ё', 0.875)","('Щ', 0.866)","('Х', 0.865)","('Д', 0.864)","('Г', 0.84)","('Ъ', 0.839)","('П', 0.826)","('І', 0.826)","('Ө', 0.825)","('Һ', 0.82)","('Б', 0.813)","('Я', 0.813)","('Ғ', 0.812)","('К', 0.802)","('Ә', 0.779)","('Ф', 0.77)","('Й', 0.766)","('Э', 0.765)","('Ж', 0.764)","('М', 0.759)","('Ы', 0.759)","('Ю', 0.737)","('В', 0.725)","('Ш', 0.718)","('И', 0.715)","('Ь', 0.703)"
"('Е', 1.0)","('С', 0.982)","('Ғ', 0.974)","('І', 0.96)","('Р', 0.958)","('Ұ', 0.952)","('Г', 0.931)","('Ё', 0.911)","('Щ', 0.91)","('Қ', 0.893)","('Ң', 0.874)","('Н', 0.869)","('О', 0.863)","('Ц', 0.844)","('У', 0.829)","('П', 0.803)","('Ү', 0.794)","('Т', 0.792)","('Я', 0.79)","('К', 0.787)","('Б', 0.785)","('Ө', 0.782)","('Х', 0.77)","('Ч', 0.766)","('Һ', 0.736)","('Ю', 0.716)","('Ъ', 0.712)","('Л', 0.704)","('Д', 0.701)","('М', 0.696)","('Ф', 0.684)","('Ы', 0.681)","('Й', 0.68)","('З', 0.675)","('В', 0.662)","('Ж', 0.656)","('И', 0.644)","('А', 0.629)","('Ә', 0.629)","('Ш', 0.604)","('Ь', 0.599)","('Э', 0.58)"
"('Д', 1.0)","('Л', 0.94)","('А', 0.821)","('Ә', 0.702)","('Э', 0.674)","('З', 0.647)","('Ц', 0.647)","('О', 0.636)","('Н', 0.623)","('Ө', 0.605)","('П', 0.594)","('Я', 0.592)","('Ч', 0.58)","('Й', 0.568)","('Ң', 0.564)","('Ф', 0.555)","('Щ', 0.555)","('Ж', 0.541)","('М', 0.537)","('Х', 0.516)","('Ш', 0.515)","('И', 0.504)","('Ұ', 0.495)","('В', 0.491)","('Ы', 0.491)","('Р', 0.483)","('Ү', 0.472)","('К', 0.461)","('Б', 0.46)","('Ё', 0.457)","('Т', 0.454)","('Ю', 0.448)","('Е', 0.447)","('Қ', 0.446)","('Ъ', 0.439)","('С', 0.432)","('Һ', 0.432)","('І', 0.431)","('У', 0.407)","('Ғ', 0.396)","('Г', 0.386)","('Ь', 0.374)"
"('И', 1.0)","('І', 1.0)","('К', 0.995)","('М', 0.994)","('Я', 0.971)","('П', 0.968)","('Б', 0.966)","('Щ', 0.959)","('Ы', 0.956)","('Ф', 0.954)","('Ө', 0.953)","('В', 0.941)","('Й', 0.94)","('Ж', 0.915)","('Ю', 0.914)","('Н', 0.912)","('Ш', 0.912)","('Ғ', 0.903)","('О', 0.898)","('Ң', 0.897)","('Қ', 0.893)","('Һ', 0.892)","('Ё', 0.89)","('Х', 0.89)","('Ь', 0.889)","('Ұ', 0.877)","('Р', 0.872)","('Ц', 0.872)","('У', 0.859)","('Ъ', 0.855)","('Е', 0.851)","('Г', 0.841)","('Ү', 0.841)","('Ә', 0.831)","('Ч', 0.828)","('Д', 0.825)","('Т', 0.816)","('С', 0.803)","('Л', 0.788)","('Э', 0.765)","('А', 0.758)","('З', 0.722)"
